first_name,last_name
João,Silva
Maria,Santos
José,Almeida
Ana,Souza
Luiz,Barbosa
Fernanda,Ferreira
Carlos,Gonçalves
Amanda,Rodrigues
Pedro,Carvalho
Mariana,Neves
Ricardo,Oliveira
Camila,Pereira
Antônio,Reis
Isabela,Martins
Marcos,Lima
Juliana,Correia
Lucas,Gomes
Larissa,Andrade
Gustavo,Teixeira
Vivian,Miranda
Gabriel,Rocha
Daniela,Fernandes
Fábio,Cardoso
Carolina,Mendes
André,Pinto
Rafael,Ribeiro
Patrícia,Soares
Eduardo,Costa
Beatriz,Castro
Paulo,Carneiro
Cláudia,Coelho
Felipe,Leite
Vanessa,Pinheiro
Marcelo,Melo
Cristina,Campos
Guilherme,Alves
Simone,Vieira
Bruno,Sousa
Tatiana,Machado
Marco,Araújo
Luciana,Cordeiro
Raul,Marques
Adriana,Pacheco
Leonardo,Dias
Elaine,Moreira
Roberto,Cavalcante
Lívia,Silveira
Miguel,Correia
Natalia,Cardoso
Leandro,Freitas
Renata,Sá
Douglas,Rodrigues
Fabiana,Barros
Alex,Peixoto
Lorena,Gaspar
Marcelo,Figueiredo
Raquel,Siqueira
Rodrigo,Brito
Isabel,Camargo
Marcio,Paiva
Larissa,Silveira
Eduardo,Gusmão
Priscila,Assis
João,Pereira
Ana,Carvalho
Ricardo,Albuquerque
Aline,Castro
Carlos,Rezende
Patrícia,Medeiros
Julio,Guimarães
Suzana,Marinho
Marcos,Monteiro
Nathalia,Andrade
Geraldo,Medina
Fabiana,Novais
Diego,Arantes
Lara,Correa
Cesar,Costa
Daniela,Lopes
Antônio,Barros
Roberta,Cabral
Fernando,Marques
Renata,Gonçalves
Gilberto,Freitas
Amanda,Duarte
José,Rodrigues
Camila,Vasconcelos
Lucas,Garcia
Tatiana,Souza
Leonardo,Almeida
Lívia,Rodrigues
Maurício,Lima
Isabel,Silva
Ricardo,Soares
Renata,Gomes
Daniel,Ribeiro
Vivian,Reis
Douglas,Silva
Cláudia,Ferreira
Luciana,Cunha
Fábio,Faria
Marco,Correia
Cristina,Cavalcanti
Miguel,Santana
Natalia,Cardoso
Alex,Carneiro
Lorena,Silva
Marcelo,Andrade
Carolina,Lopes
Raul,Rezende
Simone,Almeida
Bruno,Lima
Adriana,Gonçalves
